,
IMG_8454.JPG,36578
IMG_8455.JPG,
IMG_8456.JPG,
IMG_8457.JPG,
IMG_8459.JPG,149756
IMG_8460.JPG,
IMG_8461.JPG,395689
IMG_8462.JPG,
IMG_8463.JPG,34880
IMG_8464.JPG,
IMG_8465.JPG,
IMG_8466.jpg,
IMG_8467.JPG,
IMG_8468.JPG,
IMG_8469.JPG,
IMG_8470.JPG,
IMG_8471.JPG,
IMG_8472.JPG,
IMG_8473.JPG,
IMG_8474.JPG,
IMG_8475.JPG,
IMG_8476.JPG,
IMG_8478.JPG,
IMG_8479.JPG,
IMG_8480.JPG,34653
IMG_8481.JPG,
IMG_8482.JPG,628735
IMG_8483.JPG,
IMG_8484.JPG,628665
IMG_8485.JPG,
IMG_8487.JPG,
IMG_8488.JPG,
IMG_8489.JPG,
IMG_8490.JPG,
IMG_8491.JPG,
IMG_8492.JPG,
IMG_8493.JPG,32955
IMG_8494.JPG,
IMG_8495.JPG,31260
IMG_8496.JPG,
IMG_8497.JPG,33862
IMG_8498.JPG,
IMG_8502.JPG,35042
IMG_8503.JPG,
IMG_8506.JPG,34511
IMG_8507.JPG,
IMG_8508.JPG,33184
IMG_8509.JPG,
IMG_8510.JPG,32875
IMG_8511.JPG,
IMG_8512.JPG,33060
IMG_8513.JPG,
IMG_8514.JPG,33040
IMG_8515.JPG,
IMG_8516.JPG,34460
IMG_8517.JPG,
IMG_8518.JPG,
IMG_8519.JPG,
IMG_8520.JPG,33047
IMG_8521.JPG,
IMG_8522.JPG,
IMG_8523.JPG,
IMG_8524.JPG,33035
IMG_8525.JPG,
IMG_8526.JPG,33766
IMG_8527.JPG,
IMG_8528.JPG,35584
IMG_8529.JPG,
IMG_8530.JPG,31103
IMG_8531.JPG,
IMG_8532.JPG,31042
IMG_8533.JPG,
IMG_8534.JPG,32801
IMG_8535.JPG,
IMG_8536.JPG,33985
IMG_8537.JPG,
IMG_8540.JPG,35046
IMG_8541.JPG,
IMG_8542.JPG,31955
IMG_8543.JPG,
IMG_8545.JPG,31345
IMG_8547.jpg,
IMG_8548.jpg,31085
IMG_8551.JPG,
IMG_8552.JPG,32837
IMG_8553.JPG,
IMG_8554.JPG,35077
IMG_8555.JPG,
IMG_8556.JPG,34133
IMG_8557.JPG,
IMG_8558.JPG,32078
IMG_8559.JPG,
IMG_8560.JPG,34740
IMG_8561.JPG,
IMG_8562.JPG,31339
IMG_8564.JPG,
IMG_8565.JPG,32978
IMG_8566.JPG,
IMG_8567.JPG,31402
IMG_8568.JPG,
IMG_8569.JPG,503430
IMG_8570.JPG,
IMG_8571.JPG,33272
IMG_8572.JPG,
IMG_8574.JPG,34731
IMG_8575.JPG,
IMG_8576.JPG,
IMG_8577.JPG,
IMG_8579.JPG,31098
IMG_8580.JPG,
IMG_8581.JPG,460392
IMG_8582.JPG,
IMG_8583.JPG,32672
IMG_8584.JPG,
IMG_8585.JPG,
IMG_8586.JPG,
IMG_8587.JPG,600130
IMG_8588.JPG,
IMG_8589.JPG,33576
IMG_8590.JPG,
IMG_8591.JPG,31305
IMG_8592.JPG,
IMG_8594.JPG,34473
IMG_8595.JPG,
IMG_8596.JPG,32415
IMG_8597.JPG,
IMG_8598.JPG,34538
IMG_8599.JPG,
IMG_8600.JPG,33867
IMG_8601.JPG,
IMG_8602.JPG,34519
IMG_8603.JPG,
IMG_8604.JPG,
IMG_8605.JPG,
IMG_8606.JPG,32829
IMG_8607.JPG,
IMG_8608.JPG,33252
IMG_8609.JPG,
IMG_8610.JPG,31365
IMG_8611.JPG,
IMG_8612.JPG,33641
IMG_8613.JPG,
IMG_8614.JPG,33862
IMG_8615.JPG,
IMG_8616.JPG,578090
IMG_8617.JPG,
IMG_8618.JPG,32836
IMG_8619.JPG,
IMG_8620.JPG,32866
IMG_8621.JPG,
IMG_8622.JPG,33142
IMG_8623.JPG,
IMG_8624.JPG,33443
IMG_8625.JPG,
IMG_8626.JPG,32794
IMG_8627.JPG,
IMG_8628.JPG,
IMG_8629.JPG,
IMG_8630.JPG,
IMG_8631.JPG,
IMG_8632.JPG,
IMG_8634.JPG,30881
IMG_8635.JPG,
IMG_8636.JPG,30882
IMG_8637.JPG,
IMG_8640.JPG,32409
IMG_8641.JPG,
IMG_8642.JPG,32847
IMG_8643.JPG,
IMG_8646.JPG,32460
IMG_8647.JPG,
IMG_8648.JPG,32118
IMG_8649.JPG,
IMG_8650.JPG,35613
IMG_8651.JPG,
IMG_8652.JPG,35614
IMG_8653.JPG,
IMG_8654.JPG,32124
IMG_8655.JPG,
IMG_8656.JPG,
IMG_8657.JPG,
IMG_8658.JPG,32766
IMG_8659.JPG,
IMG_8660.JPG,31734
IMG_8661.JPG,
IMG_8662.JPG,564102
IMG_8663.JPG,
IMG_8664.JPG,32121
IMG_8665.JPG,
IMG_8666.JPG,31624
IMG_8667.JPG,
IMG_8668.JPG,34198
IMG_8669.JPG,
IMG_8670.JPG,32018
IMG_8671.JPG,
IMG_8672.JPG,31690
IMG_8673.JPG,
IMG_8674.JPG,13802
IMG_8675.JPG,
IMG_8676.JPG,32342
IMG_8677.JPG,
IMG_8678.JPG,32017
IMG_8679.JPG,
IMG_8680.JPG,31712
IMG_8681.JPG,
IMG_8682.JPG,33620
IMG_8683.JPG,
IMG_8684.JPG,
IMG_8685.JPG,
IMG_8686.JPG,
IMG_8687.JPG,
IMG_8688.JPG,
IMG_8689.JPG,
IMG_8690.JPG,32423
IMG_8691.JPG,
IMG_8692.JPG,34173
IMG_8693.JPG,
IMG_8694.JPG,33311
IMG_8695.JPG,
IMG_8696.JPG,33577
IMG_8697.JPG,
IMG_8698.JPG,
IMG_8699.JPG,
IMG_8700.JPG,
IMG_8701.JPG,
IMG_8702.JPG,34645
IMG_8703.JPG,
